appointment_id,clinic_id,doctor_id,service_id,patient_id,schedule_id,starts_at,ends_at,status,notes,booking_channel,payment_method,payment_status,cancellation_reason
A-001,CLINIC-001,DR-001,SERVICE-001,P-001,1,2026-09-14 09:00:00,2026-09-14 09:30:00,confirmed,,phone,debit_card,pending,
A-002,CLINIC-001,DR-001,SERVICE-002,P-002,373,2026-08-17 09:00:00,2026-08-17 09:20:00,completed,,ai_receptionist,credit_card,paid,
A-003,CLINIC-001,DR-001,SERVICE-003,P-003,374,2026-08-17 09:30:00,2026-08-17 10:00:00,completed,,web,bank_transfer,paid,
A-004,CLINIC-001,DR-001,SERVICE-007,P-004,375,2026-08-17 10:00:00,2026-08-17 10:30:00,completed,,referral,cash,paid,
A-005,CLINIC-001,DR-001,SERVICE-008,P-005,376,2026-08-17 10:30:00,2026-08-17 11:00:00,completed,,walk_in,debit_card,paid,
A-006,CLINIC-001,DR-001,SERVICE-009,P-006,377,2026-08-17 11:00:00,2026-08-17 11:20:00,completed,,phone,credit_card,paid,
A-007,CLINIC-001,DR-001,SERVICE-001,P-007,378,2026-08-17 11:30:00,2026-08-17 12:00:00,completed,,ai_receptionist,bank_transfer,paid,
A-008,CLINIC-001,DR-001,SERVICE-002,P-008,379,2026-08-17 12:00:00,2026-08-17 12:20:00,completed,,web,cash,paid,
A-009,CLINIC-001,DR-001,SERVICE-003,P-009,380,2026-08-17 12:30:00,2026-08-17 13:00:00,completed,,referral,debit_card,paid,
A-010,CLINIC-001,DR-001,SERVICE-007,P-010,413,2026-08-18 09:00:00,2026-08-18 09:30:00,completed,,walk_in,credit_card,paid,
A-011,CLINIC-001,DR-001,SERVICE-008,P-011,414,2026-08-18 09:30:00,2026-08-18 10:00:00,completed,,phone,bank_transfer,paid,
A-012,CLINIC-001,DR-001,SERVICE-009,P-012,415,2026-08-18 10:00:00,2026-08-18 10:20:00,no_show,,ai_receptionist,,waived,
A-013,CLINIC-001,DR-001,SERVICE-001,P-013,416,2026-08-18 10:30:00,2026-08-18 11:00:00,no_show,,web,,waived,
A-014,CLINIC-001,DR-001,SERVICE-002,P-014,417,2026-08-18 11:00:00,2026-08-18 11:20:00,no_show,,referral,,waived,
A-015,CLINIC-001,DR-001,SERVICE-003,P-015,418,2026-08-18 11:30:00,2026-08-18 12:00:00,no_show,,walk_in,,waived,
A-016,CLINIC-001,DR-001,SERVICE-007,P-016,419,2026-08-18 12:00:00,2026-08-18 12:30:00,no_show,,phone,,waived,
A-017,CLINIC-001,DR-001,SERVICE-008,P-017,420,2026-08-18 12:30:00,2026-08-18 13:00:00,no_show,,ai_receptionist,,waived,
A-018,CLINIC-001,DR-001,SERVICE-009,P-018,453,2026-08-19 09:00:00,2026-08-19 09:20:00,no_show,,web,,waived,
A-019,CLINIC-001,DR-001,SERVICE-001,P-019,454,2026-08-19 09:30:00,2026-08-19 10:00:00,no_show,,referral,,waived,
A-020,CLINIC-001,DR-001,SERVICE-002,P-020,455,2026-08-19 10:00:00,2026-08-19 10:20:00,no_show,,walk_in,,waived,
A-021,CLINIC-001,DR-001,SERVICE-003,P-021,456,2026-08-19 10:30:00,2026-08-19 11:00:00,no_show,,phone,,waived,
A-022,CLINIC-001,DR-001,SERVICE-007,P-022,457,2026-08-19 11:00:00,2026-08-19 11:30:00,cancelled,,ai_receptionist,,refunded,schedule_conflict
A-023,CLINIC-001,DR-001,SERVICE-008,P-023,458,2026-08-19 11:30:00,2026-08-19 12:00:00,cancelled,,web,,refunded,doctor_unavailable
A-024,CLINIC-001,DR-001,SERVICE-009,P-024,459,2026-08-19 12:00:00,2026-08-19 12:20:00,cancelled,,referral,,refunded,rescheduled_by_patient
A-025,CLINIC-001,DR-001,SERVICE-001,P-025,460,2026-08-19 12:30:00,2026-08-19 13:00:00,cancelled,,walk_in,,refunded,patient_request
A-026,CLINIC-001,DR-001,SERVICE-002,P-026,493,2026-08-20 09:00:00,2026-08-20 09:20:00,cancelled,,phone,,refunded,patient_unwell
A-027,CLINIC-001,DR-001,SERVICE-003,P-027,2,2026-09-14 09:30:00,2026-09-14 10:00:00,scheduled,,ai_receptionist,,pending,
A-028,CLINIC-001,DR-001,SERVICE-007,P-028,3,2026-09-14 10:00:00,2026-09-14 10:30:00,scheduled,,web,,pending,
A-029,CLINIC-001,DR-001,SERVICE-008,P-029,4,2026-09-14 10:30:00,2026-09-14 11:00:00,scheduled,,referral,,pending,
A-030,CLINIC-001,DR-001,SERVICE-009,P-030,6,2026-09-14 11:30:00,2026-09-14 11:50:00,scheduled,,walk_in,,pending,
A-031,CLINIC-001,DR-001,SERVICE-001,P-031,7,2026-09-14 12:00:00,2026-09-14 12:30:00,scheduled,,phone,,pending,
A-032,CLINIC-001,DR-001,SERVICE-002,P-032,8,2026-09-14 12:30:00,2026-09-14 12:50:00,scheduled,,ai_receptionist,,pending,
A-033,CLINIC-001,DR-001,SERVICE-003,P-033,9,2026-09-14 14:00:00,2026-09-14 14:30:00,scheduled,,web,,pending,
A-034,CLINIC-001,DR-001,SERVICE-007,P-034,10,2026-09-14 14:30:00,2026-09-14 15:00:00,scheduled,,referral,,pending,
A-035,CLINIC-001,DR-001,SERVICE-008,P-035,11,2026-09-14 15:00:00,2026-09-14 15:30:00,scheduled,,walk_in,,pending,
A-036,CLINIC-001,DR-001,SERVICE-009,P-036,12,2026-09-14 15:30:00,2026-09-14 15:50:00,scheduled,,phone,,pending,
A-037,CLINIC-001,DR-001,SERVICE-001,P-037,13,2026-09-14 16:00:00,2026-09-14 16:30:00,confirmed,,ai_receptionist,debit_card,pending,
A-038,CLINIC-001,DR-001,SERVICE-002,P-038,14,2026-09-14 16:30:00,2026-09-14 16:50:00,confirmed,,web,credit_card,pending,
A-039,CLINIC-001,DR-001,SERVICE-003,P-039,76,2026-09-16 09:30:00,2026-09-16 10:00:00,confirmed,,referral,bank_transfer,pending,
A-040,CLINIC-001,DR-001,SERVICE-007,P-040,77,2026-09-16 10:00:00,2026-09-16 10:30:00,confirmed,,walk_in,cash,pending,
A-041,CLINIC-001,DR-001,SERVICE-008,P-041,78,2026-09-16 10:30:00,2026-09-16 11:00:00,confirmed,,phone,debit_card,pending,
A-042,CLINIC-001,DR-001,SERVICE-009,P-042,79,2026-09-16 11:00:00,2026-09-16 11:20:00,confirmed,,ai_receptionist,credit_card,pending,
A-043,CLINIC-001,DR-001,SERVICE-001,P-043,80,2026-09-16 11:30:00,2026-09-16 12:00:00,confirmed,,web,bank_transfer,pending,
A-044,CLINIC-001,DR-001,SERVICE-002,P-044,81,2026-09-16 12:00:00,2026-09-16 12:20:00,confirmed,,referral,cash,pending,
A-045,CLINIC-001,DR-001,SERVICE-003,P-045,82,2026-09-16 12:30:00,2026-09-16 13:00:00,confirmed,,walk_in,debit_card,pending,
A-046,CLINIC-001,DR-001,SERVICE-007,P-046,83,2026-09-16 14:00:00,2026-09-16 14:30:00,confirmed,,phone,credit_card,pending,
A-047,CLINIC-001,DR-001,SERVICE-008,P-047,84,2026-09-16 14:30:00,2026-09-16 15:00:00,cancelled,,ai_receptionist,,refunded,schedule_conflict
A-048,CLINIC-001,DR-001,SERVICE-009,P-048,85,2026-09-16 15:00:00,2026-09-16 15:20:00,cancelled,,web,,refunded,doctor_unavailable
A-049,CLINIC-001,DR-001,SERVICE-001,P-049,86,2026-09-16 15:30:00,2026-09-16 16:00:00,cancelled,,referral,,refunded,rescheduled_by_patient
A-050,CLINIC-001,DR-001,SERVICE-002,P-050,87,2026-09-16 16:00:00,2026-09-16 16:20:00,cancelled,,walk_in,,refunded,patient_request
A-051,CLINIC-001,DR-001,SERVICE-003,P-051,88,2026-09-16 16:30:00,2026-09-16 17:00:00,cancelled,,phone,,refunded,patient_unwell
A-052,CLINIC-001,DR-002,SERVICE-004,P-052,381,2026-08-17 09:30:00,2026-08-17 10:00:00,completed,,ai_receptionist,cash,paid,
A-053,CLINIC-001,DR-002,SERVICE-004,P-053,382,2026-08-17 10:00:00,2026-08-17 10:30:00,completed,,web,debit_card,paid,
A-054,CLINIC-001,DR-002,SERVICE-004,P-054,383,2026-08-17 10:30:00,2026-08-17 11:00:00,completed,,referral,credit_card,paid,
A-055,CLINIC-001,DR-002,SERVICE-004,P-055,384,2026-08-17 11:00:00,2026-08-17 11:30:00,completed,,walk_in,bank_transfer,paid,
A-056,CLINIC-001,DR-002,SERVICE-004,P-056,385,2026-08-17 11:30:00,2026-08-17 12:00:00,completed,,phone,cash,paid,
A-057,CLINIC-001,DR-002,SERVICE-004,P-057,386,2026-08-17 12:00:00,2026-08-17 12:30:00,completed,,ai_receptionist,debit_card,paid,
A-058,CLINIC-001,DR-002,SERVICE-004,P-058,387,2026-08-17 12:30:00,2026-08-17 13:00:00,completed,,web,credit_card,paid,
A-059,CLINIC-001,DR-002,SERVICE-004,P-059,388,2026-08-17 14:00:00,2026-08-17 14:30:00,completed,,referral,bank_transfer,paid,
A-060,CLINIC-001,DR-002,SERVICE-004,P-060,421,2026-08-18 09:30:00,2026-08-18 10:00:00,completed,,walk_in,cash,paid,
A-061,CLINIC-001,DR-002,SERVICE-007,P-001,422,2026-08-18 10:00:00,2026-08-18 10:30:00,completed,,phone,debit_card,paid,
A-062,CLINIC-001,DR-002,SERVICE-009,P-002,423,2026-08-18 10:30:00,2026-08-18 10:50:00,no_show,,ai_receptionist,,waived,
A-063,CLINIC-001,DR-002,SERVICE-002,P-003,424,2026-08-18 11:00:00,2026-08-18 11:20:00,no_show,,web,,waived,
A-064,CLINIC-001,DR-002,SERVICE-004,P-004,425,2026-08-18 11:30:00,2026-08-18 12:00:00,no_show,,referral,,waived,
A-065,CLINIC-001,DR-002,SERVICE-007,P-005,426,2026-08-18 12:00:00,2026-08-18 12:30:00,no_show,,walk_in,,waived,
A-066,CLINIC-001,DR-002,SERVICE-009,P-006,427,2026-08-18 12:30:00,2026-08-18 12:50:00,no_show,,phone,,waived,
A-067,CLINIC-001,DR-002,SERVICE-002,P-007,428,2026-08-18 14:00:00,2026-08-18 14:20:00,no_show,,ai_receptionist,,waived,
A-068,CLINIC-001,DR-002,SERVICE-004,P-008,461,2026-08-19 09:30:00,2026-08-19 10:00:00,no_show,,web,,waived,
A-069,CLINIC-001,DR-002,SERVICE-007,P-009,462,2026-08-19 10:00:00,2026-08-19 10:30:00,no_show,,referral,,waived,
A-070,CLINIC-001,DR-002,SERVICE-009,P-010,463,2026-08-19 10:30:00,2026-08-19 10:50:00,no_show,,walk_in,,waived,
A-071,CLINIC-001,DR-002,SERVICE-002,P-011,464,2026-08-19 11:00:00,2026-08-19 11:20:00,no_show,,phone,,waived,
A-072,CLINIC-001,DR-002,SERVICE-004,P-012,465,2026-08-19 11:30:00,2026-08-19 12:00:00,cancelled,,ai_receptionist,,refunded,schedule_conflict
A-073,CLINIC-001,DR-002,SERVICE-007,P-013,466,2026-08-19 12:00:00,2026-08-19 12:30:00,cancelled,,web,,refunded,doctor_unavailable
A-074,CLINIC-001,DR-002,SERVICE-009,P-014,467,2026-08-19 12:30:00,2026-08-19 12:50:00,cancelled,,referral,,refunded,rescheduled_by_patient
A-075,CLINIC-001,DR-002,SERVICE-002,P-015,468,2026-08-19 14:00:00,2026-08-19 14:20:00,cancelled,,walk_in,,refunded,patient_request
A-076,CLINIC-001,DR-002,SERVICE-004,P-016,501,2026-08-20 09:30:00,2026-08-20 10:00:00,cancelled,,phone,,refunded,patient_unwell
A-077,CLINIC-001,DR-002,SERVICE-007,P-017,39,2026-09-15 10:00:00,2026-09-15 10:30:00,scheduled,,ai_receptionist,,pending,
A-078,CLINIC-001,DR-002,SERVICE-009,P-018,40,2026-09-15 10:30:00,2026-09-15 10:50:00,scheduled,,web,,pending,
A-079,CLINIC-001,DR-002,SERVICE-002,P-019,41,2026-09-15 11:00:00,2026-09-15 11:20:00,scheduled,,referral,,pending,
A-080,CLINIC-001,DR-002,SERVICE-004,P-020,42,2026-09-15 11:30:00,2026-09-15 12:00:00,scheduled,,walk_in,,pending,
A-081,CLINIC-001,DR-002,SERVICE-007,P-021,43,2026-09-15 12:00:00,2026-09-15 12:30:00,scheduled,,phone,,pending,
A-082,CLINIC-001,DR-002,SERVICE-009,P-022,44,2026-09-15 12:30:00,2026-09-15 12:50:00,scheduled,,ai_receptionist,,pending,
A-083,CLINIC-001,DR-002,SERVICE-002,P-023,45,2026-09-15 14:00:00,2026-09-15 14:20:00,scheduled,,web,,pending,
A-084,CLINIC-001,DR-002,SERVICE-004,P-024,46,2026-09-15 14:30:00,2026-09-15 15:00:00,scheduled,,referral,,pending,
A-085,CLINIC-001,DR-002,SERVICE-007,P-025,47,2026-09-15 15:00:00,2026-09-15 15:30:00,scheduled,,walk_in,,pending,
A-086,CLINIC-001,DR-002,SERVICE-009,P-026,48,2026-09-15 15:30:00,2026-09-15 15:50:00,scheduled,,phone,,pending,
A-087,CLINIC-001,DR-002,SERVICE-002,P-027,49,2026-09-15 16:00:00,2026-09-15 16:20:00,confirmed,,ai_receptionist,bank_transfer,pending,
A-088,CLINIC-001,DR-002,SERVICE-004,P-028,50,2026-09-15 16:30:00,2026-09-15 17:00:00,confirmed,,web,cash,pending,
A-089,CLINIC-001,DR-002,SERVICE-007,P-029,113,2026-09-17 10:00:00,2026-09-17 10:30:00,confirmed,,referral,debit_card,pending,
A-090,CLINIC-001,DR-002,SERVICE-009,P-030,114,2026-09-17 10:30:00,2026-09-17 10:50:00,confirmed,,walk_in,credit_card,pending,
A-091,CLINIC-001,DR-002,SERVICE-002,P-031,115,2026-09-17 11:00:00,2026-09-17 11:20:00,confirmed,,phone,bank_transfer,pending,
A-092,CLINIC-001,DR-002,SERVICE-004,P-032,116,2026-09-17 11:30:00,2026-09-17 12:00:00,confirmed,,ai_receptionist,cash,pending,
A-093,CLINIC-001,DR-002,SERVICE-007,P-033,117,2026-09-17 12:00:00,2026-09-17 12:30:00,confirmed,,web,debit_card,pending,
A-094,CLINIC-001,DR-002,SERVICE-009,P-034,118,2026-09-17 12:30:00,2026-09-17 12:50:00,confirmed,,referral,credit_card,pending,
A-095,CLINIC-001,DR-002,SERVICE-002,P-035,119,2026-09-17 14:00:00,2026-09-17 14:20:00,confirmed,,walk_in,bank_transfer,pending,
A-096,CLINIC-001,DR-002,SERVICE-004,P-036,120,2026-09-17 14:30:00,2026-09-17 15:00:00,confirmed,,phone,cash,pending,
A-097,CLINIC-001,DR-002,SERVICE-007,P-037,121,2026-09-17 15:00:00,2026-09-17 15:30:00,cancelled,,ai_receptionist,,refunded,schedule_conflict
A-098,CLINIC-001,DR-002,SERVICE-009,P-038,122,2026-09-17 15:30:00,2026-09-17 15:50:00,cancelled,,web,,refunded,doctor_unavailable
A-099,CLINIC-001,DR-002,SERVICE-002,P-039,123,2026-09-17 16:00:00,2026-09-17 16:20:00,cancelled,,referral,,refunded,rescheduled_by_patient
A-100,CLINIC-001,DR-002,SERVICE-004,P-040,124,2026-09-17 16:30:00,2026-09-17 17:00:00,cancelled,,walk_in,,refunded,patient_request
A-101,CLINIC-001,DR-002,SERVICE-007,P-041,163,2026-09-19 10:00:00,2026-09-19 10:30:00,cancelled,,phone,,refunded,patient_unwell
A-102,CLINIC-001,DR-003,SERVICE-005,P-042,389,2026-08-17 10:00:00,2026-08-17 10:30:00,completed,,ai_receptionist,credit_card,paid,
A-103,CLINIC-001,DR-003,SERVICE-005,P-043,390,2026-08-17 10:30:00,2026-08-17 11:00:00,completed,,web,bank_transfer,paid,
A-104,CLINIC-001,DR-003,SERVICE-005,P-044,391,2026-08-17 11:00:00,2026-08-17 11:30:00,completed,,referral,cash,paid,
A-105,CLINIC-001,DR-003,SERVICE-005,P-045,392,2026-08-17 11:30:00,2026-08-17 12:00:00,completed,,walk_in,debit_card,paid,
A-106,CLINIC-001,DR-003,SERVICE-005,P-046,393,2026-08-17 12:00:00,2026-08-17 12:30:00,completed,,phone,credit_card,paid,
A-107,CLINIC-001,DR-003,SERVICE-005,P-047,394,2026-08-17 12:30:00,2026-08-17 13:00:00,completed,,ai_receptionist,bank_transfer,paid,
A-108,CLINIC-001,DR-003,SERVICE-005,P-048,395,2026-08-17 14:00:00,2026-08-17 14:30:00,completed,,web,cash,paid,
A-109,CLINIC-001,DR-003,SERVICE-005,P-049,396,2026-08-17 14:30:00,2026-08-17 15:00:00,completed,,referral,debit_card,paid,
A-110,CLINIC-001,DR-003,SERVICE-005,P-050,429,2026-08-18 10:00:00,2026-08-18 10:30:00,completed,,walk_in,credit_card,paid,
A-111,CLINIC-001,DR-003,SERVICE-005,P-051,430,2026-08-18 10:30:00,2026-08-18 11:00:00,completed,,phone,bank_transfer,paid,
A-112,CLINIC-001,DR-003,SERVICE-005,P-052,431,2026-08-18 11:00:00,2026-08-18 11:30:00,no_show,,ai_receptionist,,waived,
A-113,CLINIC-001,DR-003,SERVICE-005,P-053,432,2026-08-18 11:30:00,2026-08-18 12:00:00,no_show,,web,,waived,
A-114,CLINIC-001,DR-003,SERVICE-005,P-054,433,2026-08-18 12:00:00,2026-08-18 12:30:00,no_show,,referral,,waived,
A-115,CLINIC-001,DR-003,SERVICE-005,P-055,434,2026-08-18 12:30:00,2026-08-18 13:00:00,no_show,,walk_in,,waived,
A-116,CLINIC-001,DR-003,SERVICE-005,P-056,435,2026-08-18 14:00:00,2026-08-18 14:30:00,no_show,,phone,,waived,
A-117,CLINIC-001,DR-003,SERVICE-005,P-057,436,2026-08-18 14:30:00,2026-08-18 15:00:00,no_show,,ai_receptionist,,waived,
A-118,CLINIC-001,DR-003,SERVICE-005,P-058,469,2026-08-19 10:00:00,2026-08-19 10:30:00,no_show,,web,,waived,
A-119,CLINIC-001,DR-003,SERVICE-005,P-059,470,2026-08-19 10:30:00,2026-08-19 11:00:00,no_show,,referral,,waived,
A-120,CLINIC-001,DR-003,SERVICE-005,P-060,471,2026-08-19 11:00:00,2026-08-19 11:30:00,no_show,,walk_in,,waived,
A-121,CLINIC-001,DR-003,SERVICE-002,P-001,472,2026-08-19 11:30:00,2026-08-19 11:50:00,no_show,,phone,,waived,
A-122,CLINIC-001,DR-003,SERVICE-005,P-002,473,2026-08-19 12:00:00,2026-08-19 12:30:00,cancelled,,ai_receptionist,,refunded,schedule_conflict
A-123,CLINIC-001,DR-003,SERVICE-007,P-003,474,2026-08-19 12:30:00,2026-08-19 13:00:00,cancelled,,web,,refunded,doctor_unavailable
A-124,CLINIC-001,DR-003,SERVICE-002,P-004,475,2026-08-19 14:00:00,2026-08-19 14:20:00,cancelled,,referral,,refunded,rescheduled_by_patient
A-125,CLINIC-001,DR-003,SERVICE-005,P-005,476,2026-08-19 14:30:00,2026-08-19 15:00:00,cancelled,,walk_in,,refunded,patient_request
A-126,CLINIC-001,DR-003,SERVICE-007,P-006,509,2026-08-20 10:00:00,2026-08-20 10:30:00,cancelled,,phone,,refunded,patient_unwell
A-127,CLINIC-001,DR-003,SERVICE-002,P-007,15,2026-09-14 11:00:00,2026-09-14 11:20:00,scheduled,,ai_receptionist,,pending,
A-128,CLINIC-001,DR-003,SERVICE-005,P-008,16,2026-09-14 11:30:00,2026-09-14 12:00:00,scheduled,,web,,pending,
A-129,CLINIC-001,DR-003,SERVICE-007,P-009,17,2026-09-14 12:00:00,2026-09-14 12:30:00,scheduled,,referral,,pending,
A-130,CLINIC-001,DR-003,SERVICE-002,P-010,18,2026-09-14 12:30:00,2026-09-14 12:50:00,scheduled,,walk_in,,pending,
A-131,CLINIC-001,DR-003,SERVICE-005,P-011,21,2026-09-14 15:00:00,2026-09-14 15:30:00,scheduled,,phone,,pending,
A-132,CLINIC-001,DR-003,SERVICE-007,P-012,22,2026-09-14 15:30:00,2026-09-14 16:00:00,scheduled,,ai_receptionist,,pending,
A-133,CLINIC-001,DR-003,SERVICE-002,P-013,23,2026-09-14 16:00:00,2026-09-14 16:20:00,scheduled,,web,,pending,
A-134,CLINIC-001,DR-003,SERVICE-005,P-014,24,2026-09-14 16:30:00,2026-09-14 17:00:00,scheduled,,referral,,pending,
A-135,CLINIC-001,DR-003,SERVICE-007,P-015,25,2026-09-14 17:00:00,2026-09-14 17:30:00,scheduled,,walk_in,,pending,
A-136,CLINIC-001,DR-003,SERVICE-002,P-016,26,2026-09-14 17:30:00,2026-09-14 17:50:00,scheduled,,phone,,pending,
A-137,CLINIC-001,DR-003,SERVICE-005,P-017,51,2026-09-15 11:00:00,2026-09-15 11:30:00,confirmed,,ai_receptionist,debit_card,pending,
A-138,CLINIC-001,DR-003,SERVICE-007,P-018,52,2026-09-15 11:30:00,2026-09-15 12:00:00,confirmed,,web,credit_card,pending,
A-139,CLINIC-001,DR-003,SERVICE-002,P-019,53,2026-09-15 12:00:00,2026-09-15 12:20:00,confirmed,,referral,bank_transfer,pending,
A-140,CLINIC-001,DR-003,SERVICE-005,P-020,54,2026-09-15 12:30:00,2026-09-15 13:00:00,confirmed,,walk_in,cash,pending,
A-141,CLINIC-001,DR-003,SERVICE-007,P-021,57,2026-09-15 15:00:00,2026-09-15 15:30:00,confirmed,,phone,debit_card,pending,
A-142,CLINIC-001,DR-003,SERVICE-002,P-022,58,2026-09-15 15:30:00,2026-09-15 15:50:00,confirmed,,ai_receptionist,credit_card,pending,
A-143,CLINIC-001,DR-003,SERVICE-005,P-023,59,2026-09-15 16:00:00,2026-09-15 16:30:00,confirmed,,web,bank_transfer,pending,
A-144,CLINIC-001,DR-003,SERVICE-007,P-024,60,2026-09-15 16:30:00,2026-09-15 17:00:00,confirmed,,referral,cash,pending,
A-145,CLINIC-001,DR-003,SERVICE-002,P-025,61,2026-09-15 17:00:00,2026-09-15 17:20:00,confirmed,,walk_in,debit_card,pending,
A-146,CLINIC-001,DR-003,SERVICE-005,P-026,62,2026-09-15 17:30:00,2026-09-15 18:00:00,confirmed,,phone,credit_card,pending,
A-147,CLINIC-001,DR-003,SERVICE-007,P-027,125,2026-09-17 11:00:00,2026-09-17 11:30:00,cancelled,,ai_receptionist,,refunded,schedule_conflict
A-148,CLINIC-001,DR-003,SERVICE-002,P-028,126,2026-09-17 11:30:00,2026-09-17 11:50:00,cancelled,,web,,refunded,doctor_unavailable
A-149,CLINIC-001,DR-003,SERVICE-005,P-029,127,2026-09-17 12:00:00,2026-09-17 12:30:00,cancelled,,referral,,refunded,rescheduled_by_patient
A-150,CLINIC-001,DR-003,SERVICE-007,P-030,128,2026-09-17 12:30:00,2026-09-17 13:00:00,cancelled,,walk_in,,refunded,patient_request
A-151,CLINIC-001,DR-003,SERVICE-002,P-031,131,2026-09-17 15:00:00,2026-09-17 15:20:00,cancelled,,phone,,refunded,patient_unwell
A-152,CLINIC-001,DR-004,SERVICE-006,P-032,397,2026-08-17 10:30:00,2026-08-17 11:00:00,completed,,ai_receptionist,cash,paid,
A-153,CLINIC-001,DR-004,SERVICE-006,P-033,398,2026-08-17 11:00:00,2026-08-17 11:30:00,completed,,web,debit_card,paid,
A-154,CLINIC-001,DR-004,SERVICE-006,P-034,399,2026-08-17 11:30:00,2026-08-17 12:00:00,completed,,referral,credit_card,paid,
A-155,CLINIC-001,DR-004,SERVICE-006,P-035,400,2026-08-17 12:00:00,2026-08-17 12:30:00,completed,,walk_in,bank_transfer,paid,
A-156,CLINIC-001,DR-004,SERVICE-006,P-036,401,2026-08-17 12:30:00,2026-08-17 13:00:00,completed,,phone,cash,paid,
A-157,CLINIC-001,DR-004,SERVICE-006,P-037,402,2026-08-17 14:00:00,2026-08-17 14:30:00,completed,,ai_receptionist,debit_card,paid,
A-158,CLINIC-001,DR-004,SERVICE-006,P-038,403,2026-08-17 14:30:00,2026-08-17 15:00:00,completed,,web,credit_card,paid,
A-159,CLINIC-001,DR-004,SERVICE-006,P-039,404,2026-08-17 15:00:00,2026-08-17 15:30:00,completed,,referral,bank_transfer,paid,
A-160,CLINIC-001,DR-004,SERVICE-006,P-040,437,2026-08-18 10:30:00,2026-08-18 11:00:00,completed,,walk_in,cash,paid,
A-161,CLINIC-001,DR-004,SERVICE-006,P-041,438,2026-08-18 11:00:00,2026-08-18 11:30:00,completed,,phone,debit_card,paid,
A-162,CLINIC-001,DR-004,SERVICE-006,P-042,439,2026-08-18 11:30:00,2026-08-18 12:00:00,no_show,,ai_receptionist,,waived,
A-163,CLINIC-001,DR-004,SERVICE-006,P-043,440,2026-08-18 12:00:00,2026-08-18 12:30:00,no_show,,web,,waived,
A-164,CLINIC-001,DR-004,SERVICE-006,P-044,441,2026-08-18 12:30:00,2026-08-18 13:00:00,no_show,,referral,,waived,
A-165,CLINIC-001,DR-004,SERVICE-006,P-045,442,2026-08-18 14:00:00,2026-08-18 14:30:00,no_show,,walk_in,,waived,
A-166,CLINIC-001,DR-004,SERVICE-006,P-046,443,2026-08-18 14:30:00,2026-08-18 15:00:00,no_show,,phone,,waived,
A-167,CLINIC-001,DR-004,SERVICE-006,P-047,444,2026-08-18 15:00:00,2026-08-18 15:30:00,no_show,,ai_receptionist,,waived,
A-168,CLINIC-001,DR-004,SERVICE-006,P-048,477,2026-08-19 10:30:00,2026-08-19 11:00:00,no_show,,web,,waived,
A-169,CLINIC-001,DR-004,SERVICE-006,P-049,478,2026-08-19 11:00:00,2026-08-19 11:30:00,no_show,,referral,,waived,
A-170,CLINIC-001,DR-004,SERVICE-006,P-050,479,2026-08-19 11:30:00,2026-08-19 12:00:00,no_show,,walk_in,,waived,
A-171,CLINIC-001,DR-004,SERVICE-006,P-051,480,2026-08-19 12:00:00,2026-08-19 12:30:00,no_show,,phone,,waived,
A-172,CLINIC-001,DR-004,SERVICE-006,P-052,481,2026-08-19 12:30:00,2026-08-19 13:00:00,cancelled,,ai_receptionist,,refunded,schedule_conflict
A-173,CLINIC-001,DR-004,SERVICE-006,P-053,482,2026-08-19 14:00:00,2026-08-19 14:30:00,cancelled,,web,,refunded,doctor_unavailable
A-174,CLINIC-001,DR-004,SERVICE-006,P-054,483,2026-08-19 14:30:00,2026-08-19 15:00:00,cancelled,,referral,,refunded,rescheduled_by_patient
A-175,CLINIC-001,DR-004,SERVICE-006,P-055,484,2026-08-19 15:00:00,2026-08-19 15:30:00,cancelled,,walk_in,,refunded,patient_request
A-176,CLINIC-001,DR-004,SERVICE-006,P-056,517,2026-08-20 10:30:00,2026-08-20 11:00:00,cancelled,,phone,,refunded,patient_unwell
A-177,CLINIC-001,DR-004,SERVICE-006,P-057,27,2026-09-14 09:00:00,2026-09-14 09:30:00,scheduled,,ai_receptionist,,pending,
A-178,CLINIC-001,DR-004,SERVICE-006,P-058,28,2026-09-14 09:30:00,2026-09-14 10:00:00,scheduled,,web,,pending,
A-179,CLINIC-001,DR-004,SERVICE-006,P-059,29,2026-09-14 10:00:00,2026-09-14 10:30:00,scheduled,,referral,,pending,
A-180,CLINIC-001,DR-004,SERVICE-006,P-060,30,2026-09-14 10:30:00,2026-09-14 11:00:00,scheduled,,walk_in,,pending,
A-181,CLINIC-001,DR-004,SERVICE-006,P-001,31,2026-09-14 11:00:00,2026-09-14 11:30:00,scheduled,,phone,,pending,
A-182,CLINIC-001,DR-004,SERVICE-007,P-002,32,2026-09-14 11:30:00,2026-09-14 12:00:00,scheduled,,ai_receptionist,,pending,
A-183,CLINIC-001,DR-004,SERVICE-002,P-003,35,2026-09-14 14:00:00,2026-09-14 14:20:00,scheduled,,web,,pending,
A-184,CLINIC-001,DR-004,SERVICE-006,P-004,36,2026-09-14 14:30:00,2026-09-14 15:00:00,scheduled,,referral,,pending,
A-185,CLINIC-001,DR-004,SERVICE-007,P-005,37,2026-09-14 15:00:00,2026-09-14 15:30:00,scheduled,,walk_in,,pending,
A-186,CLINIC-001,DR-004,SERVICE-002,P-006,38,2026-09-14 15:30:00,2026-09-14 15:50:00,scheduled,,phone,,pending,
A-187,CLINIC-001,DR-004,SERVICE-006,P-007,89,2026-09-16 09:00:00,2026-09-16 09:30:00,confirmed,,ai_receptionist,bank_transfer,pending,
A-188,CLINIC-001,DR-004,SERVICE-007,P-008,90,2026-09-16 09:30:00,2026-09-16 10:00:00,confirmed,,web,cash,pending,
A-189,CLINIC-001,DR-004,SERVICE-002,P-009,91,2026-09-16 10:00:00,2026-09-16 10:20:00,confirmed,,referral,debit_card,pending,
A-190,CLINIC-001,DR-004,SERVICE-006,P-010,92,2026-09-16 10:30:00,2026-09-16 11:00:00,confirmed,,walk_in,credit_card,pending,
A-191,CLINIC-001,DR-004,SERVICE-007,P-011,93,2026-09-16 11:00:00,2026-09-16 11:30:00,confirmed,,phone,bank_transfer,pending,
A-192,CLINIC-001,DR-004,SERVICE-002,P-012,94,2026-09-16 11:30:00,2026-09-16 11:50:00,confirmed,,ai_receptionist,cash,pending,
A-193,CLINIC-001,DR-004,SERVICE-006,P-013,97,2026-09-16 14:00:00,2026-09-16 14:30:00,confirmed,,web,debit_card,pending,
A-194,CLINIC-001,DR-004,SERVICE-007,P-014,98,2026-09-16 14:30:00,2026-09-16 15:00:00,confirmed,,referral,credit_card,pending,
A-195,CLINIC-001,DR-004,SERVICE-002,P-015,99,2026-09-16 15:00:00,2026-09-16 15:20:00,confirmed,,walk_in,bank_transfer,pending,
A-196,CLINIC-001,DR-004,SERVICE-006,P-016,100,2026-09-16 15:30:00,2026-09-16 16:00:00,confirmed,,phone,cash,pending,
A-197,CLINIC-001,DR-004,SERVICE-007,P-017,175,2026-09-19 09:00:00,2026-09-19 09:30:00,cancelled,,ai_receptionist,,refunded,schedule_conflict
A-198,CLINIC-001,DR-004,SERVICE-002,P-018,176,2026-09-19 09:30:00,2026-09-19 09:50:00,cancelled,,web,,refunded,doctor_unavailable
A-199,CLINIC-001,DR-004,SERVICE-006,P-019,177,2026-09-19 10:00:00,2026-09-19 10:30:00,cancelled,,referral,,refunded,rescheduled_by_patient
A-200,CLINIC-001,DR-004,SERVICE-007,P-020,178,2026-09-19 10:30:00,2026-09-19 11:00:00,cancelled,,walk_in,,refunded,patient_request
A-201,CLINIC-001,DR-004,SERVICE-002,P-021,179,2026-09-19 11:00:00,2026-09-19 11:20:00,cancelled,,phone,,refunded,patient_unwell
A-202,CLINIC-001,DR-005,SERVICE-008,P-022,405,2026-08-17 11:00:00,2026-08-17 11:30:00,completed,,ai_receptionist,credit_card,paid,
A-203,CLINIC-001,DR-005,SERVICE-001,P-023,406,2026-08-17 11:30:00,2026-08-17 12:00:00,completed,,web,bank_transfer,paid,
A-204,CLINIC-001,DR-005,SERVICE-003,P-024,407,2026-08-17 12:00:00,2026-08-17 12:30:00,completed,,referral,cash,paid,
A-205,CLINIC-001,DR-005,SERVICE-008,P-025,408,2026-08-17 12:30:00,2026-08-17 13:00:00,completed,,walk_in,debit_card,paid,
A-206,CLINIC-001,DR-005,SERVICE-001,P-026,409,2026-08-17 14:00:00,2026-08-17 14:30:00,completed,,phone,credit_card,paid,
A-207,CLINIC-001,DR-005,SERVICE-003,P-027,410,2026-08-17 14:30:00,2026-08-17 15:00:00,completed,,ai_receptionist,bank_transfer,paid,
A-208,CLINIC-001,DR-005,SERVICE-008,P-028,411,2026-08-17 15:00:00,2026-08-17 15:30:00,completed,,web,cash,paid,
A-209,CLINIC-001,DR-005,SERVICE-001,P-029,412,2026-08-17 15:30:00,2026-08-17 16:00:00,completed,,referral,debit_card,paid,
A-210,CLINIC-001,DR-005,SERVICE-003,P-030,445,2026-08-18 11:00:00,2026-08-18 11:30:00,completed,,walk_in,credit_card,paid,
A-211,CLINIC-001,DR-005,SERVICE-008,P-031,446,2026-08-18 11:30:00,2026-08-18 12:00:00,completed,,phone,bank_transfer,paid,
A-212,CLINIC-001,DR-005,SERVICE-001,P-032,447,2026-08-18 12:00:00,2026-08-18 12:30:00,no_show,,ai_receptionist,,waived,
A-213,CLINIC-001,DR-005,SERVICE-003,P-033,448,2026-08-18 12:30:00,2026-08-18 13:00:00,no_show,,web,,waived,
A-214,CLINIC-001,DR-005,SERVICE-008,P-034,449,2026-08-18 14:00:00,2026-08-18 14:30:00,no_show,,referral,,waived,
A-215,CLINIC-001,DR-005,SERVICE-001,P-035,450,2026-08-18 14:30:00,2026-08-18 15:00:00,no_show,,walk_in,,waived,
A-216,CLINIC-001,DR-005,SERVICE-003,P-036,451,2026-08-18 15:00:00,2026-08-18 15:30:00,no_show,,phone,,waived,
A-217,CLINIC-001,DR-005,SERVICE-008,P-037,452,2026-08-18 15:30:00,2026-08-18 16:00:00,no_show,,ai_receptionist,,waived,
A-218,CLINIC-001,DR-005,SERVICE-001,P-038,485,2026-08-19 11:00:00,2026-08-19 11:30:00,no_show,,web,,waived,
A-219,CLINIC-001,DR-005,SERVICE-003,P-039,486,2026-08-19 11:30:00,2026-08-19 12:00:00,no_show,,referral,,waived,
A-220,CLINIC-001,DR-005,SERVICE-008,P-040,487,2026-08-19 12:00:00,2026-08-19 12:30:00,no_show,,walk_in,,waived,
A-221,CLINIC-001,DR-005,SERVICE-001,P-041,488,2026-08-19 12:30:00,2026-08-19 13:00:00,no_show,,phone,,waived,
A-222,CLINIC-001,DR-005,SERVICE-003,P-042,489,2026-08-19 14:00:00,2026-08-19 14:30:00,cancelled,,ai_receptionist,,refunded,schedule_conflict
A-223,CLINIC-001,DR-005,SERVICE-008,P-043,490,2026-08-19 14:30:00,2026-08-19 15:00:00,cancelled,,web,,refunded,doctor_unavailable
A-224,CLINIC-001,DR-005,SERVICE-001,P-044,491,2026-08-19 15:00:00,2026-08-19 15:30:00,cancelled,,referral,,refunded,rescheduled_by_patient
A-225,CLINIC-001,DR-005,SERVICE-003,P-045,492,2026-08-19 15:30:00,2026-08-19 16:00:00,cancelled,,walk_in,,refunded,patient_request
A-226,CLINIC-001,DR-005,SERVICE-008,P-046,525,2026-08-20 11:00:00,2026-08-20 11:30:00,cancelled,,phone,,refunded,patient_unwell
A-227,CLINIC-001,DR-005,SERVICE-001,P-047,63,2026-09-15 12:00:00,2026-09-15 12:30:00,scheduled,,ai_receptionist,,pending,
A-228,CLINIC-001,DR-005,SERVICE-003,P-048,64,2026-09-15 12:30:00,2026-09-15 13:00:00,scheduled,,web,,pending,
A-229,CLINIC-001,DR-005,SERVICE-008,P-049,67,2026-09-15 14:00:00,2026-09-15 14:30:00,scheduled,,referral,,pending,
A-230,CLINIC-001,DR-005,SERVICE-001,P-050,68,2026-09-15 14:30:00,2026-09-15 15:00:00,scheduled,,walk_in,,pending,
A-231,CLINIC-001,DR-005,SERVICE-003,P-051,69,2026-09-15 16:00:00,2026-09-15 16:30:00,scheduled,,phone,,pending,
A-232,CLINIC-001,DR-005,SERVICE-008,P-052,70,2026-09-15 16:30:00,2026-09-15 17:00:00,scheduled,,ai_receptionist,,pending,
A-233,CLINIC-001,DR-005,SERVICE-009,P-053,71,2026-09-15 17:00:00,2026-09-15 17:20:00,scheduled,,web,,pending,
A-234,CLINIC-001,DR-005,SERVICE-001,P-054,72,2026-09-15 17:30:00,2026-09-15 18:00:00,scheduled,,referral,,pending,
A-235,CLINIC-001,DR-005,SERVICE-003,P-055,73,2026-09-15 18:00:00,2026-09-15 18:30:00,scheduled,,walk_in,,pending,
A-236,CLINIC-001,DR-005,SERVICE-008,P-056,74,2026-09-15 18:30:00,2026-09-15 19:00:00,scheduled,,phone,,pending,
A-237,CLINIC-001,DR-005,SERVICE-009,P-057,101,2026-09-16 12:00:00,2026-09-16 12:20:00,confirmed,,ai_receptionist,debit_card,pending,
A-238,CLINIC-001,DR-005,SERVICE-001,P-058,102,2026-09-16 12:30:00,2026-09-16 13:00:00,confirmed,,web,credit_card,pending,
A-239,CLINIC-001,DR-005,SERVICE-003,P-059,105,2026-09-16 14:00:00,2026-09-16 14:30:00,confirmed,,referral,bank_transfer,pending,
A-240,CLINIC-001,DR-005,SERVICE-008,P-060,106,2026-09-16 14:30:00,2026-09-16 15:00:00,confirmed,,walk_in,cash,pending,
A-241,CLINIC-001,DR-005,SERVICE-009,P-001,107,2026-09-16 16:00:00,2026-09-16 16:20:00,confirmed,,phone,debit_card,pending,
A-242,CLINIC-001,DR-005,SERVICE-001,P-002,108,2026-09-16 16:30:00,2026-09-16 17:00:00,confirmed,,ai_receptionist,credit_card,pending,
A-243,CLINIC-001,DR-005,SERVICE-003,P-003,109,2026-09-16 17:00:00,2026-09-16 17:30:00,confirmed,,web,bank_transfer,pending,
A-244,CLINIC-001,DR-005,SERVICE-008,P-004,110,2026-09-16 17:30:00,2026-09-16 18:00:00,confirmed,,referral,cash,pending,
A-245,CLINIC-001,DR-005,SERVICE-009,P-005,111,2026-09-16 18:00:00,2026-09-16 18:20:00,confirmed,,walk_in,debit_card,pending,
A-246,CLINIC-001,DR-005,SERVICE-001,P-006,112,2026-09-16 18:30:00,2026-09-16 19:00:00,confirmed,,phone,credit_card,pending,
A-247,CLINIC-001,DR-005,SERVICE-003,P-007,151,2026-09-18 12:00:00,2026-09-18 12:30:00,cancelled,,ai_receptionist,,refunded,schedule_conflict
A-248,CLINIC-001,DR-005,SERVICE-008,P-008,152,2026-09-18 12:30:00,2026-09-18 13:00:00,cancelled,,web,,refunded,doctor_unavailable
A-249,CLINIC-001,DR-005,SERVICE-009,P-009,155,2026-09-18 14:00:00,2026-09-18 14:20:00,cancelled,,referral,,refunded,rescheduled_by_patient
A-250,CLINIC-001,DR-005,SERVICE-001,P-010,156,2026-09-18 14:30:00,2026-09-18 15:00:00,cancelled,,walk_in,,refunded,patient_request
A-251,CLINIC-001,DR-005,SERVICE-003,P-011,157,2026-09-18 16:00:00,2026-09-18 16:30:00,cancelled,,phone,,refunded,patient_unwell
