appointment_id,tenant_id,clinic_id,patient_id,doctor_id,service_id,slot_id,appointment_date,start_time,end_time,status,booking_source
APT-0001,TENANT-001,CLINIC-001,PAT-0001,DR-001,SERVICE-001,SLOT-0001,2026-09-14,09:00,09:30,confirmed,ai
APT-0002,TENANT-001,CLINIC-001,PAT-0002,DR-001,SERVICE-001,SLOT-0013,2026-09-14,16:00,16:30,confirmed,ai
APT-0003,TENANT-001,CLINIC-001,PAT-0003,DR-003,SERVICE-005,SLOT-0025,2026-09-14,17:00,17:30,confirmed,admin
APT-0004,TENANT-001,CLINIC-001,PAT-0004,DR-004,SERVICE-006,SLOT-0037,2026-09-14,15:00,15:30,confirmed,ai
APT-0005,TENANT-001,CLINIC-001,PAT-0005,DR-002,SERVICE-004,SLOT-0049,2026-09-15,16:00,16:30,confirmed,ai
APT-0006,TENANT-001,CLINIC-001,PAT-0006,DR-003,SERVICE-005,SLOT-0061,2026-09-15,17:00,17:30,confirmed,admin
APT-0007,TENANT-001,CLINIC-001,PAT-0007,DR-005,SERVICE-001,SLOT-0073,2026-09-15,18:00,18:30,cancelled,ai
APT-0008,TENANT-001,CLINIC-001,PAT-0008,DR-001,SERVICE-001,SLOT-0085,2026-09-16,15:00,15:30,confirmed,ai
APT-0009,TENANT-001,CLINIC-001,PAT-0009,DR-004,SERVICE-006,SLOT-0097,2026-09-16,14:00,14:30,confirmed,admin
APT-0010,TENANT-001,CLINIC-001,PAT-0010,DR-005,SERVICE-001,SLOT-0109,2026-09-16,17:00,17:30,confirmed,ai
APT-0011,TENANT-001,CLINIC-001,PAT-0011,DR-002,SERVICE-004,SLOT-0121,2026-09-17,15:00,15:30,confirmed,ai
APT-0012,TENANT-001,CLINIC-001,PAT-0012,DR-003,SERVICE-005,SLOT-0133,2026-09-17,16:00,16:30,confirmed,admin
APT-0013,TENANT-001,CLINIC-001,PAT-0001,DR-001,SERVICE-001,SLOT-0145,2026-09-18,14:00,14:30,confirmed,ai
APT-0014,TENANT-001,CLINIC-001,PAT-0002,DR-005,SERVICE-001,SLOT-0157,2026-09-18,16:00,16:30,confirmed,ai
APT-0015,TENANT-001,CLINIC-001,PAT-0003,DR-002,SERVICE-004,SLOT-0169,2026-09-19,14:00,14:30,confirmed,admin
APT-0016,TENANT-001,CLINIC-001,PAT-0004,DR-004,SERVICE-006,SLOT-0181,2026-09-19,13:00,13:30,cancelled,ai
APT-0017,TENANT-001,CLINIC-001,PAT-0005,DR-001,SERVICE-001,SLOT-0193,2026-09-21,12:00,12:30,confirmed,ai
APT-0018,TENANT-001,CLINIC-001,PAT-0006,DR-003,SERVICE-005,SLOT-0205,2026-09-21,13:00,13:30,confirmed,admin
APT-0019,TENANT-001,CLINIC-001,PAT-0007,DR-004,SERVICE-006,SLOT-0217,2026-09-21,11:00,11:30,confirmed,ai
APT-0020,TENANT-001,CLINIC-001,PAT-0008,DR-002,SERVICE-004,SLOT-0229,2026-09-22,12:00,12:30,confirmed,ai
APT-0021,TENANT-001,CLINIC-001,PAT-0009,DR-003,SERVICE-005,SLOT-0241,2026-09-22,13:00,13:30,confirmed,admin
APT-0022,TENANT-001,CLINIC-001,PAT-0010,DR-005,SERVICE-001,SLOT-0253,2026-09-22,14:00,14:30,confirmed,ai
APT-0023,TENANT-001,CLINIC-001,PAT-0011,DR-001,SERVICE-001,SLOT-0265,2026-09-23,11:00,11:30,cancelled,ai
APT-0024,TENANT-001,CLINIC-001,PAT-0012,DR-004,SERVICE-006,SLOT-0277,2026-09-23,10:00,10:30,confirmed,admin
